texto,etiqueta,variante_limpia,instrumento_rol,notas,mismo_que
Agrupación Coral Santanderina,AGRUPACION,Agrupación Coral Santanderina,,,
Agrupación Filarmónica de Mataró,AGRUPACION,Agrupación Filarmónica de Mataró,,,
banda Creatone,AGRUPACION,banda Creatone,,,Banda Creatore
Banda Creatore,AGRUPACION,Banda Creatore,,,
Banda de Alabarderos,AGRUPACION,Banda de Alabarderos,,,
Banda Martinense,AGRUPACION,Banda Martinense,,,
Banda Municipa' de Madrid,AGRUPACION,Banda Municipa' de Madrid,,,
Banda Municipal,AGRUPACION,Banda Municipal,,,
Banda Municipal de Barcelona,AGRUPACION,Banda Municipal de Barcelona,,,
Banda Municipal de Madrid,AGRUPACION,Banda Municipal de Madrid,,,
Banda Nacional,AGRUPACION,Banda Nacional,,,
Banda Nacional Republicana,AGRUPACION,Banda Nacional Republicana,,,
Banda Naval de los Estados Unidos,AGRUPACION,Banda Naval de los Estados Unidos,,,
Banda Primitiva de Liria,AGRUPACION,Banda Primitiva de Liria,,,
Banda Republicana,AGRUPACION,Banda Republicana,,,
Banda Unión Musical de Liria,AGRUPACION,Banda Unión Musical de Liria,,,
Cobla Barcelona,AGRUPACION,Cobla Barcelona,,,
Coral Mierense,AGRUPACION,Coral Mierense,,,
Coral Vallisoletana,AGRUPACION,Coral Vallisoletana,,,
Coral Zamorana,AGRUPACION,Coral Zamorana,,,
Coro de Cosacos del Kuban,AGRUPACION,Coro de Cosacos del Kuban,,,
Coro Gayoso,AGRUPACION,Coro Gayoso,,,
Coro Masculino de Zúrich,AGRUPACION,Coro Masculino de Zúrich,,,
Coro Nacional Ruso,AGRUPACION,Coro Nacional Ruso,,,
Coro Platoff,AGRUPACION,Coro Platoff,,,
Coro Polifónico,AGRUPACION,Coro Polifónico,,,
Coros de la Opera Rusa,AGRUPACION,Coros de la Opera Rusa,,,
Coros Montañeses,AGRUPACION,Coros Montañeses,,,
Cuarteto Gonzaloy,AGRUPACION,Cuarteto Gonzaloy,,,
Cuarteto Iberia,AGRUPACION,Cuarteto Iberia,Guitarra,,
Cuarteto Rafael,AGRUPACION,Cuarteto Rafael,,,
Filarmónica de Madrid,AGRUPACION,Filarmónica de Madrid,,,
Gran Orquesta Sinfónica de París,AGRUPACION,Gran Orquesta Sinfónica de París,,,
Masa Coral,AGRUPACION,Masa Coral,,,
Masa Coral Madrid,AGRUPACION,Masa Coral Madrid,,,
Masa Coral Montañesa,AGRUPACION,Masa Coral Montañesa,,,
Masa Coral Vallisoletana,AGRUPACION,Masa Coral Vallisoletana,,,
Orfeón Atlántida,AGRUPACION,Orfeón Atlántida,,,
Orfeón Catalán,AGRUPACION,Orfeón Catalán,,,
Orfeón de Mieres,AGRUPACION,Orfeón de Mieres,,,
Orfeón Donostiarra,AGRUPACION,Orfeón Donostiarra,,,
Orfeón Gracense,AGRUPACION,Orfeón Gracense,,,Orfeón Gracienc
Orfeón Gracienc,AGRUPACION,Orfeón Gracienc,,,
Orfeón Graciene,AGRUPACION,Orfeón Graciene,,,Orfeón Gracienc
Orfeón Juvenil,AGRUPACION,Orfeón Juvenil,,,
Orfeón Montserrat del Centro Moral,AGRUPACION,Orfeón Montserrat del Centro Moral,,,
Orfeón Ovetense,AGRUPACION,Orfeón Ovetense,,,
Orfeón Pamplonés,AGRUPACION,Orfeón Pamplonés,,,
Orfeón Renaixement,AGRUPACION,Orfeón Renaixement,,,
Orfeón Zaragozano,AGRUPACION,Orfeón Zaragozano,,,
Orquesta Clásica,AGRUPACION,Orquesta Clásica,,,
Orquesta Clásica de Madrid,AGRUPACION,Orquesta Clásica de Madrid,,,
Orquesta de 30 profesores,AGRUPACION,Orquesta de 30 profesores,,,
orquesta de Alicante,AGRUPACION,orquesta de Alicante,,,
Orquesta de Cámara,AGRUPACION,Orquesta de Cámara,,,
Orquesta de Cámara de Boston,AGRUPACION,Orquesta de Cámara de Boston,,,
orquesta de la Estación,AGRUPACION,orquesta de la Estación,,,
Orquesta de Londres,AGRUPACION,Orquesta de Londres,,,
Orquesta de Madrid,AGRUPACION,Orquesta de Madrid,,,
Orquesta de París,AGRUPACION,Orquesta de París,,,
orquesta de Radio Barcelona,AGRUPACION,orquesta de Radio Barcelona,,,
Orquesta de Unión,AGRUPACION,Orquesta de Unión,,,
orquesta de Unión Radio,AGRUPACION,orquesta de Unión Radio,,,Orquesta de Unión Radio
Orquesta de Unión Radio,AGRUPACION,Orquesta de Unión Radio,,,
Orquesta del Palacio de la Música,AGRUPACION,Orquesta del Palacio de la Música,,,
Orquesta Falcón,AGRUPACION,Orquesta Falcón,,,
Orquesta Filarmónica,AGRUPACION,Orquesta Filarmónica,,,Orquesta Filarmónica de Madrid
Orquesta Filarmónica de Berlin,AGRUPACION,Orquesta Filarmónica de Berlin,,,Orquesta Filarmónica de Berlín
Orquesta Filarmónica de Berlín,AGRUPACION,Orquesta Filarmónica de Berlín,,,
Orquesta Filarmónica de Londres,AGRUPACION,Orquesta Filarmónica de Londres,,,
Orquesta Filarmónica de Madrid,AGRUPACION,Orquesta Filarmónica de Madrid,,,
Orquesta Filarmónica de Praga,AGRUPACION,Orquesta Filarmónica de Praga,,,
Orquesta Filarmónica de Viena,AGRUPACION,Orquesta Filarmónica de Viena,,,
Orquesta Ibérica,AGRUPACION,Orquesta Ibérica,,,
Orquesta Nacional,AGRUPACION,Orquesta Nacional,,,
Orquesta Nacional de Gales,AGRUPACION,Orquesta Nacional de Gales,,,
Orquesta Nacional de Música,AGRUPACION,Orquesta Nacional de Música,,,
orquesta Sevilla,AGRUPACION,orquesta Sevilla,,,
Orquesta Sinfónica,AGRUPACION,Orquesta Sinfónica,,,
Orquesta Sinfónica de Madrid,AGRUPACION,Orquesta Sinfónica de Madrid,,,
Orquestina Demon's Jazz,AGRUPACION,Orquestina Demon's Jazz,,,
Orquestina Sevilla,AGRUPACION,Orquestina Sevilla,,,
Quinteto Hispania,AGRUPACION,Quinteto Hispania,,,
quinteto Radio,AGRUPACION,quinteto Radio,,,Quinteto Radio
Quinteto Radio,AGRUPACION,Quinteto Radio,,,
Sexteto Albéniz,AGRUPACION,Sexteto Albéniz,,,
SEXTETO DE UNION RADIO,AGRUPACION,SEXTETO DE UNION RADIO,,,
sexteto Radio,AGRUPACION,sexteto Radio,,,SEXTETO DE UNION RADIO
Sociedad Filarmónica de Madrid,AGRUPACION,Sociedad Filarmónica de Madrid,,,
Trio Iberia,AGRUPACION,Trio Iberia,,,Trío Iberia
Trio Santorini,AGRUPACION,Trio Santorini,,,
Trio Wireless,AGRUPACION,Trio Wireless,,,
Trío Anaya,AGRUPACION,Trío Anaya,,,
Trío Hispalense,AGRUPACION,Trío Hispalense,,,
Trío Hispania,AGRUPACION,Trío Hispania,,,
Trío Iberia,AGRUPACION,Trío Iberia,,,
Trío Pasquier,AGRUPACION,Trío Pasquier,,,
Ada Schwars,CANTANTE,Ada Schwars,,,
Adelheid Wollgarten,CANTANTE,Adelheid Wollgarten,,,
Agustin Laguilhoat,CANTANTE,Agustin Laguilhoat,,,
Ainsa,CANTANTE,Ainsa,,,
Alberto Ocaña,CANTANTE,Alberto Ocaña,,,
Amalia Pardo,CANTANTE,Amalia Pardo,,,
Ameliz Vázquez,CANTANTE,Ameliz Vázquez,,,
Ana Lasalle,CANTANTE,Ana Lasalle,,,
Ana Roswell,CANTANTE,Ana Roswell,,,
Angelillo,CANTANTE,Angelillo,,,
Anibal Vela,CANTANTE,Anibal Vela,,,
Anny Konetzni,CANTANTE,Anny Konetzni,,,
Antonia Floralda,CANTANTE,Antonia Floralda,,,
Antonio Cortis,CANTANTE,Antonio Cortis,,,
Antonio Miras,CANTANTE,Antonio Miras,,,
Antonio Picatoste,CANTANTE,Antonio Picatoste,,,
Arazola,CANTANTE,Arazola,,,
Asunción Camps,CANTANTE,Asunción Camps,,,
Aurora Redondo,CANTANTE,Aurora Redondo,,,
Balta,CANTANTE,Balta,,,
Basilio Torres Calvo,CANTANTE,Basilio Torres Calvo,,,
Bathman,CANTANTE,Bathman,,,
Benetti,CANTANTE,Benetti,,,
Benito Toral,CANTANTE,Benito Toral,,,
Bessinger y Heite,CANTANTE,Bessinger y Heite,,,
Bianca Serena,CANTANTE,Bianca Serena,contralto,,
Blanca Pereira,CANTANTE,Blanca Pereira,,,
Blanca Suárez,CANTANTE,Blanca Suárez,,,
Blas Lledó,CANTANTE,Blas Lledó,barítono,,
Cabasés,CANTANTE,Cabasés,tenor,,
Caridad Calderón,CANTANTE,Caridad Calderón,,,
Caridad Castellón,CANTANTE,Caridad Castellón,,,
Carlos del Pozo,CANTANTE,Carlos del Pozo,,,
Carlos Puchol,CANTANTE,Carlos Puchol,,,
Carmen Amaya,CANTANTE,Carmen Amaya,,,
Carmen Andújar,CANTANTE,Carmen Andújar,,,
Carmen Arenas,CANTANTE,Carmen Arenas,,,
Carmen Bonet,CANTANTE,Carmen Bonet,,,
Carmen Fernández,CANTANTE,Carmen Fernández,,,Mª Carmen Fernández
Carmen Floria,CANTANTE,Carmen Floria,,,
Carmen Muñoz Aliaño,CANTANTE,Carmen Muñoz Aliaño,,,
Carmen Seoane,CANTANTE,Carmen Seoane,,,
Cayetano Peñalver,CANTANTE,Cayetano Peñalver,,,
Celestino Aguirre Sarobe,CANTANTE,Celestino Aguirre Sarobe,,,
Celia Gámez,CANTANTE,Celia Gámez,,,
Charo Leonís,CANTANTE,Charo Leonís,,,
Christine Spranz,CANTANTE,Christine Spranz,,,
Clara Winsor,CANTANTE,Clara Winsor,,,
Clarita Panach,CANTANTE,Clarita Panach,,,
Concha Agulló,CANTANTE,Concha Agulló,,,
Concha Martínez,CANTANTE,Concha Martínez,,,
Concha Panadés,CANTANTE,Concha Panadés,,,
Concha Piquer,CANTANTE,Concha Piquer,,,
Concha Sevilla,CANTANTE,Concha Sevilla,,,
Constantin Sadko,CANTANTE,Constantin Sadko,,,
Consuelo Macho,CANTANTE,Consuelo Macho,,,
Consuelo Obregón,CANTANTE,Consuelo Obregón,,,
Consuelo Rocamora,CANTANTE,Consuelo Rocamora,,,
Cortajarena,CANTANTE,Cortajarena,,,
Crisena Galatti,CANTANTE,Crisena Galatti,,,
Cuarteto Vocal Ruso Borodín,CANTANTE,Cuarteto Vocal Ruso Borodín,,,
Cándida Suárez,CANTANTE,Cándida Suárez,,,
Dagmara Renina,CANTANTE,Dagmara Renina,,,
Delfina Fuentes,CANTANTE,Delfina Fuentes,,,
Dionisia La Hera,CANTANTE,Dionisia La Hera,,,
Dolores de Luque,CANTANTE,Dolores de Luque,,,
Dolores Pitto Santaolalla,CANTANTE,Dolores Pitto Santaolalla,,,
Dorini de Diso,CANTANTE,Dorini de Diso,,,
Dorros de Yassy,CANTANTE,Dorros de Yassy,,,
Dugnen Eguilcoz,CANTANTE,Dugnen Eguilcoz,,,
Dusolina Giannini,CANTANTE,Dusolina Giannini,,,
"Eduardo García ""El Chato""",CANTANTE,Eduardo García,,Apodo: El Chato,
El niño de Valdepeñas,CANTANTE,El niño de Valdepeñas,,,
Elai Weiber,CANTANTE,Elai Weiber,,,
Elena Sadoven,CANTANTE,Elena Sadoven,,,
Elias Pierre,CANTANTE,Elias Pierre,,,
Elizabeth Day,CANTANTE,Elizabeth Day,,,
Emilia Iglesias,CANTANTE,Emilia Iglesias,,,
Emilio Sagi-Barba,CANTANTE,Emilio Sagi-Barba,,,
Emmy Buttikay,CANTANTE,Emmy Buttikay,,,
Encarnita Marzal,CANTANTE,Encarnita Marzal,,,
Enrique Beut,CANTANTE,Enrique Beut,barítono,,
Enrique de Rosas,CANTANTE,Enrique de Rosas,,,
"Enrique Lopez ""Petaca""",CANTANTE,Enrique Lopez,,Apodo: Petaca,
Esperanza González,CANTANTE,Esperanza González,,,
Esperanza Iris,CANTANTE,Esperanza Iris,,,
Esteban García Leoz,CANTANTE,Esteban García Leoz,,,
Estrella Pardo,CANTANTE,Estrella Pardo,,,
Estrella Rivera,CANTANTE,Estrella Rivera,,,
Estrellita Castro,CANTANTE,Estrellita Castro,,,
Eugenia Nardin,CANTANTE,Eugenia Nardin,,,
Fabio Ronchi,CANTANTE,Fabio Ronchi,,,
Felisa Herrero,CANTANTE,Felisa Herrero,,,
Fidela Campiña,CANTANTE,Fidela Campiña,,,
Francisco Campila,CANTANTE,Francisco Campila,,,
Francisco Muniesa,CANTANTE,Francisco Muniesa,,,
Francisco Roldán,CANTANTE,Francisco Roldán,,,
Franz Baumann,CANTANTE,Franz Baumann,,,
Gabriela Relle,CANTANTE,Gabriela Relle,,,
Gaby Delba,CANTANTE,Gaby Delba,,,
Georges Genin,CANTANTE,Georges Genin,,,
Gertrudis Forster,CANTANTE,Gertrudis Forster,,,
Gina Dinesen,CANTANTE,Gina Dinesen,,,
Gina Montti,CANTANTE,Gina Montti,,,
Gisa Bergmann,CANTANTE,Gisa Bergmann,,,
Gisy Kacor,CANTANTE,Gisy Kacor,,,
Grace Gordon,CANTANTE,Grace Gordon,,,
Graciela,CANTANTE,Graciela,,,
Grete Sedlitz,CANTANTE,Grete Sedlitz,,,
Grete Welz,CANTANTE,Grete Welz,,,
Guadalupe Garei,CANTANTE,Guadalupe Garei,,Extraído de combinación: Guadalupe Garei-Nuño,
Guadalupe Garei-Nuño,CANTANTE,Guadalupe Garei-Nuño,,Combinación de artistas,
Guerrita,CANTANTE,Guerrita,,,
Hans Depser,CANTANTE,Hans Depser,,,
Hans Heinz Bollmann,CANTANTE,Hans Heinz Bollmann,,,
Hermanas Mori,CANTANTE,Hermanas Mori,,,
Hermelinda de Montessa,CANTANTE,Hermelinda de Montessa,,,
Herminia Velasco,CANTANTE,Herminia Velasco,,,
Hilario Azcona,CANTANTE,Hilario Azcona,,,
Hipólito Lázaro,CANTANTE,Hipólito Lázaro,,,
Ilonka Lévay,CANTANTE,Ilonka Lévay,,,
Imperio Argentina,CANTANTE,Imperio Argentina,,,
Irene Ambrús,CANTANTE,Irene Ambrús,,,
Irene de Lala,CANTANTE,Irene de Lala,,,
Irm Schloss,CANTANTE,Irm Schloss,,,
Irma Godan,CANTANTE,Irma Godan,,,
Irma Rea,CANTANTE,Irma Rea,,,
Isabel Clemente,CANTANTE,Isabel Clemente,,,
Isabel Soria,CANTANTE,Isabel Soria,,,
Isabel Soriano,CANTANTE,Isabel Soriano,,,
Isabel Sánchez,CANTANTE,Isabel Sánchez,,,Isabel Sánchez Escribano
Isabel Sánchez Escribano,CANTANTE,Isabel Sánchez Escribano,,,
Jacjie Heller,CANTANTE,Jacjie Heller,,,
Jaime Ferre,CANTANTE,Jaime Ferre,,,
Jeannette Vreeland,CANTANTE,Jeannette Vreeland,,,
Jesús Freire,CANTANTE,Jesús Freire,,,
Jesús García,CANTANTE,Jesús García,,,
Jesús Gaviria,CANTANTE,Jesús Gaviria,,,
Joaquina Carreras,CANTANTE,Joaquina Carreras,,,
John McCormack,CANTANTE,John McCormack,,,
Jose Luis Lloret,CANTANTE,Jose Luis Lloret,,,
José Angerri,CANTANTE,José Angerri,,,
José Antonio Rincón,CANTANTE,José Antonio Rincón,,,
"José Blanco ""Niño de Chamberí""",CANTANTE,José Blanco,,Apodo: Niño de Chamberí,
José Cerceda,CANTANTE,José Cerceda,,,
José Cors,CANTANTE,José Cors,,,
José de Luna,CANTANTE,José de Luna,,,
José Freire,CANTANTE,José Freire,,,
José Orellana,CANTANTE,José Orellana,,,
Juan Arnó,CANTANTE,Juan Arnó,,,
Juan García,CANTANTE,Juan García,,,
Juan José Aguirreche,CANTANTE,Juan José Aguirreche,,,
Juan Molina Marqués,CANTANTE,Juan Molina Marqués,,,
Juan Pulido,CANTANTE,Juan Pulido,,,
Juan Roldán,CANTANTE,Juan Roldán,,,
Juan Rosich,CANTANTE,Juan Rosich,,,
Julia Fons,CANTANTE,Julia Fons,,,
Kathe Smith,CANTANTE,Kathe Smith,,,
Keoni Manutati,CANTANTE,Keoni Manutati,,,
La Argentinita,CANTANTE,La Argentinita,,,
La Yankee,CANTANTE,La Yankee,,,
Laura de Santelmo,CANTANTE,Laura de Santelmo,,,
Laura Nieto,CANTANTE,Laura Nieto,,,
Laura Pinillos,CANTANTE,Laura Pinillos,,,
Lee Wiley,CANTANTE,Lee Wiley,,,
Leopoldo Verdaguer,CANTANTE,Leopoldo Verdaguer,,,
Lillian Harvey,CANTANTE,Lillian Harvey,,,
Lillian Taiz,CANTANTE,Lillian Taiz,,,
Lola Gessa,CANTANTE,Lola Gessa,,,
Lotte Lehmann,CANTANTE,Lotte Lehmann,,,
Lotte Leonord,CANTANTE,Lotte Leonord,,,
Lourdes Ruiz,CANTANTE,Lourdes Ruiz,,,
Lucilla Long,CANTANTE,Lucilla Long,,,
Lucio González,CANTANTE,Lucio González,,,
Luis Almodóvar,CANTANTE,Luis Almodóvar,,,
Luis Heredia,CANTANTE,Luis Heredia,,,
Luis Sagi Vela,CANTANTE,Luis Sagi Vela,,,
Luisa Espinosa,CANTANTE,Luisa Espinosa,,,
Luisa Esteso,CANTANTE,Luisa Esteso,,,
Luisa Puchol,CANTANTE,Luisa Puchol,,,
Luise Helletsgruber,CANTANTE,Luise Helletsgruber,,,
Lupe Arozamena,CANTANTE,Lupe Arozamena,,,
Lupe Rivas,CANTANTE,Lupe Rivas,,,
Lupe Vélez,CANTANTE,Lupe Vélez,,,
Madame Guzante,CANTANTE,Madame Guzante,,,
Manolita Rosales,CANTANTE,Manolita Rosales,,,
Manolo Vargas,CANTANTE,Manolo Vargas,,,
Manuel Llamas,CANTANTE,Manuel Llamas,,,
"Manuel Rodríguez ""Niño de las Carolinas""",CANTANTE,Manuel Rodríguez,,Apodo: Niño de las Carolinas,
Manuel Villa,CANTANTE,Manuel Villa,,,
Marcia Antonia Sánchez,CANTANTE,Marcia Antonia Sánchez,,,
Marcos Cejudo,CANTANTE,Marcos Cejudo,,,
Marcos Redondo,CANTANTE,Marcos Redondo,,,
Margaret Mani,CANTANTE,Margaret Mani,,,
Margarita Carleys,CANTANTE,Margarita Carleys,,,
Margarita Chappuis,CANTANTE,Margarita Chappuis,,,
Margarita Cueto,CANTANTE,Margarita Cueto,,,
Margarita del Río,CANTANTE,Margarita del Río,,,
Margarita Fhys,CANTANTE,Margarita Fhys,,,
Margarita Soler,CANTANTE,Margarita Soler,,,
Maria Budanovits,CANTANTE,Maria Budanovits,,,
Maria Rita O'Farril,CANTANTE,Maria Rita O'Farril,,,
Marie Samson,CANTANTE,Marie Samson,,,
Marion Talley,CANTANTE,Marion Talley,,,
Maruja González,CANTANTE,Maruja González,,,
Maruja Sánchez,CANTANTE,Maruja Sánchez,,,
Mary Lou,CANTANTE,Mary Lou,,,
Mary Marini,CANTANTE,Mary Marini,,,
María Aldama,CANTANTE,María Aldama,,,
María Estremera,CANTANTE,María Estremera,,,
María Luisa Moneró,CANTANTE,María Luisa Moneró,,,
María Marco,CANTANTE,María Marco,,,
María Téllez,CANTANTE,María Téllez,,,
María Valverde,CANTANTE,María Valverde,,,
Matilde Babalbescoa,CANTANTE,Matilde Babalbescoa,,,
Matilde Caturla,CANTANTE,Matilde Caturla,,,
Matilde Martín,CANTANTE,Matilde Martín,,,
Matilde Revenga,CANTANTE,Matilde Revenga,,,
Matilde Rivera,CANTANTE,Matilde Rivera,,,
Mercedes Dalvy,CANTANTE,Mercedes Dalvy,,,
Mercedes Fifi,CANTANTE,Mercedes Fifi,,,
Mercedes Melo,CANTANTE,Mercedes Melo,,,
Mercedes Serós,CANTANTE,Mercedes Serós,,,
Miguel Fleta,CANTANTE,Miguel Fleta,,,
Mischa de la Motte,CANTANTE,Mischa de la Motte,,,
Miss Dolly,CANTANTE,Miss Dolly,,,
Mona Lisa,CANTANTE,Mona Lisa,,,
Mª Carmen Fernández,CANTANTE,Mª Carmen Fernández,,,
Nazonina Farias,CANTANTE,Nazonina Farias,,,
Nino Martín,CANTANTE,Nino Martín,,,
Nita Guerri,CANTANTE,Nita Guerri,,,
Nuño,CANTANTE,Nuño,,Extraído de combinación: Guadalupe Garei-Nuño,
Ocaña,CANTANTE,Ocaña,,,Alberto Ocaña
Ofelia Nieto,CANTANTE,Ofelia Nieto,,,
Olga Pagani,CANTANTE,Olga Pagani,,,
Osorio,CANTANTE,Osorio,,,
Palmiro Matamoros,CANTANTE,Palmiro Matamoros,,,
Paquita Alcaraz,CANTANTE,Paquita Alcaraz,,,
Paquita Alfonso,CANTANTE,Paquita Alfonso,,,
Paquita Escribano,CANTANTE,Paquita Escribano,,,
Pastora Imperio,CANTANTE,Pastora Imperio,,,
Pedro Gil Marín,CANTANTE,Pedro Gil Marín,,,
Pena Rollán,CANTANTE,Pena Rollán,,,
Pepita Rollán,CANTANTE,Pepita Rollán,,,
Pepita Samper,CANTANTE,Pepita Samper,,,
Pia Igy,CANTANTE,Pia Igy,,,
Pilar Albero,CANTANTE,Pilar Albero,,,
Pilar Carlo,CANTANTE,Pilar Carlo,,,
Pilar Muñoz,CANTANTE,Pilar Muñoz,,,
Purificación de la Torre,CANTANTE,Purificación de la Torre,,,
Rafael Lanes,CANTANTE,Rafael Lanes,,,
Rafael Nieto,CANTANTE,Rafael Nieto,,,
Ramón Peña,CANTANTE,Ramón Peña,,,
Raquel Meller,CANTANTE,Raquel Meller,,,
Remy Elsa,CANTANTE,Remy Elsa,,,
René Izquierdo,CANTANTE,René Izquierdo,,,
Ricardo Blanco,CANTANTE,Ricardo Blanco,,,
Ricardo C. De Lara,CANTANTE,Ricardo C. De Lara,,,
Ricardo Stracciari,CANTANTE,Ricardo Stracciari,barítono,,
Roberto Rey,CANTANTE,Roberto Rey,,,
Roland Hayes,CANTANTE,Roland Hayes,,,
Román Zorzano,CANTANTE,Román Zorzano,,,
Rosa Cadenas,CANTANTE,Rosa Cadenas,,,
Rosa Díez,CANTANTE,Rosa Díez,,,
Rosa Hermosilla,CANTANTE,Rosa Hermosilla,,,
Rosario Agueda,CANTANTE,Rosario Agueda,,,
Rosich,CANTANTE,Rosich,,,Juan Rosich
Salud Ruiz,CANTANTE,Salud Ruiz,,,
Sammy Lee,CANTANTE,Sammy Lee,,,
Sancho Fuentes,CANTANTE,Sancho Fuentes,,,
Sara Insúa,CANTANTE,Sara Insúa,,,
Sarah Fenor,CANTANTE,Sarah Fenor,,,
Silvia Serolf,CANTANTE,Silvia Serolf,,,
Simona Medina,CANTANTE,Simona Medina,,,
Sobinof,CANTANTE,Sobinof,tenor,,
Sofía Massalska,CANTANTE,Sofía Massalska,,,
Solita Sanahuja,CANTANTE,Solita Sanahuja,,,
Stern,CANTANTE,Stern,,,
Suzzette Isor,CANTANTE,Suzzette Isor,,,
Sélica Pérez,CANTANTE,Sélica Pérez,,,
Teresa Pérez Cano,CANTANTE,Teresa Pérez Cano,,,
Teresa Vargas,CANTANTE,Teresa Vargas,,,
Tino Folgar,CANTANTE,Tino Folgar,,,
Torres y Calvo,CANTANTE,Torres y Calvo,,,
Valeriano León,CANTANTE,Valeriano León,,,
William M. Nani,CANTANTE,William M. Nani,,,
Wischniewsky,CANTANTE,Wischniewsky,,,
Zoila Galvez,CANTANTE,Zoila Galvez,,,
Ángeles Novalón,CANTANTE,Ángeles Novalón,,,
Ángeles Ottein,CANTANTE,Ángeles Ottein,,,
Abelardo Corvino,COMPOSITOR,Abelardo Corvino,,,
Adolfo Salazar,COMPOSITOR,Adolfo Salazar,,,
Aguirre,COMPOSITOR,Aguirre,,,Celestino Aguirre Sarobe
Albisi,COMPOSITOR,Albisi,,,
Albéniz,COMPOSITOR,Albéniz,,,Isaac Albéniz
Albéniz-Arbós,COMPOSITOR,Albéniz-Arbós,,Combinación de artistas,
Aleksandr Borodín,COMPOSITOR,Aleksandr Borodín,,,
Aleksandr Glazunov,COMPOSITOR,Aleksandr Glazunov,,,
Alessandro Scarlatti,COMPOSITOR,Alessandro Scarlatti,,,
Allende,COMPOSITOR,Allende,,,
Amadeo Vives,COMPOSITOR,Amadeo Vives,,,
Amilcare Ponchielli,COMPOSITOR,Amilcare Ponchielli,,,
Anthony Bernard,COMPOSITOR,Anthony Bernard,,,
Antonín Dvořák,COMPOSITOR,Antonín Dvořák,,,
Arbós,COMPOSITOR,Arbós,,Extraído de combinación: Albéniz-Arbós,Fernández Arbós
Arcangelo Corelli,COMPOSITOR,Arcangelo Corelli,,,
Arnold Schoenberg,COMPOSITOR,Arnold Schoenberg,,,
Arrigo Boito,COMPOSITOR,Arrigo Boito,,,
Arthur Honegger,COMPOSITOR,Arthur Honegger,,,
Bach,COMPOSITOR,Bach,,Extraído de combinación: Bach-Busoni,
Bach-Busoni,COMPOSITOR,Bach-Busoni,,Combinación de artistas,
Badler,COMPOSITOR,Badler,,,
Bartolomé Pérez Casas,COMPOSITOR,Bartolomé Pérez Casas,,Extraído de combinación: Bartolomé Pérez Casas / Manuel de Falla,
Bartolomé Pérez Casas / Manuel de Falla,COMPOSITOR,Bartolomé Pérez Casas / Manuel de Falla,,Combinación de artistas,
Bartók,COMPOSITOR,Bartók,,Extraído de combinación: Bartók / Mussorgsky,Béla Bartók
Bartók / Mussorgsky,COMPOSITOR,Bartók / Mussorgsky,,Combinación de artistas,
Bassa,COMPOSITOR,Bassa,,,
Beethoven,COMPOSITOR,Beethoven,,Extraído de combinación: Beethoven-Eiman,Ludwig van Beethoven
Beethoven-Eiman,COMPOSITOR,Beethoven-Eiman,,Combinación de artistas,
Benedetto Marcello,COMPOSITOR,Benedetto Marcello,,,
Blas Serrano,COMPOSITOR,Blas Serrano,,,
Boccherini,COMPOSITOR,Boccherini,,,
Boellmann,COMPOSITOR,Boellmann,,,
Brahms,COMPOSITOR,Brahms,,Extraído de combinación: Gluck-Brahms,Johannes Brahms
Breval,COMPOSITOR,Breval,,,
Busoni,COMPOSITOR,Busoni,,Extraído de combinación: Bach-Busoni,
Byrd,COMPOSITOR,Byrd,,,
Béla Bartók,COMPOSITOR,Béla Bartók,,,
C. Pedrell,COMPOSITOR,C. Pedrell,,,
Cakeval,COMPOSITOR,Cakeval,,,
Camille Saint-Saëns,COMPOSITOR,Camille Saint-Saëns,,,
Cantallos,COMPOSITOR,Cantallos,,,
Carl Maria von Weber,COMPOSITOR,Carl Maria von Weber,,,
Cassadó,COMPOSITOR,Cassadó,,Extraído de combinación: Frescobaldi-Cassadó,Gaspar Cassadó
Castelnuovo,COMPOSITOR,Castelnuovo,,,Castelnuovo-Tedesco
Castelnuovo-Tedesco,COMPOSITOR,Castelnuovo-Tedesco,,,
Cesti,COMPOSITOR,Cesti,,,
Chabrier,COMPOSITOR,Chabrier,,,
Charles Gounod,COMPOSITOR,Charles Gounod,,,
Chopin,COMPOSITOR,Chopin,,Extraído de combinación: Chopin-Liszt,Frédéric Chopin
Chopin-Liszt,COMPOSITOR,Chopin-Liszt,,Combinación de artistas,
Chopin-Wilhelmy,COMPOSITOR,Chopin-Wilhelmy,,Combinación de artistas,
Choumoff,COMPOSITOR,Choumoff,,,
Christian Sinding,COMPOSITOR,Christian Sinding,,,
Christoph Willibald Gluck,COMPOSITOR,Christoph Willibald Gluck,,,
Claude Debussy,COMPOSITOR,Claude Debussy,,,
Clementi,COMPOSITOR,Clementi,,,
Conrado del Campo,COMPOSITOR,Conrado del Campo,,,
César Franck,COMPOSITOR,César Franck,,,
Darius Milhaud,COMPOSITOR,Darius Milhaud,,,
David Popper,COMPOSITOR,David Popper,,,
Davidoff,COMPOSITOR,Davidoff,,,
Domenico Cimarosa,COMPOSITOR,Domenico Cimarosa,,,
Dunkler,COMPOSITOR,Dunkler,,,
Duparc,COMPOSITOR,Duparc,,,
Durón,COMPOSITOR,Durón,,,
E. Bloch,COMPOSITOR,E. Bloch,,,
Eccles,COMPOSITOR,Eccles,,,
Eduardo Toldrá,COMPOSITOR,Eduardo Toldrá,,,
Edvard Grieg,COMPOSITOR,Edvard Grieg,,,
Eiman,COMPOSITOR,Eiman,,Extraído de combinación: Beethoven-Eiman,
Elman,COMPOSITOR,Elman,,Extraído de combinación: Grieg-Elman,Mischa Elman
Emilio Arrieta,COMPOSITOR,Emilio Arrieta,,,
Emmerich Kálmán,COMPOSITOR,Emmerich Kálmán,,,
Engelbert Humperdinck,COMPOSITOR,Engelbert Humperdinck,,,
Enrique Granados,COMPOSITOR,Enrique Granados,,,
Erick Wolf Strauss,COMPOSITOR,Erick Wolf Strauss,,,
Ermanno Wolf,COMPOSITOR,Ermanno Wolf,,Extraído de combinación: Ermanno Wolf-Ferrari,
Ermanno Wolf-Ferrari,COMPOSITOR,Ermanno Wolf-Ferrari,,Combinación de artistas,
Ernesto Halffter,COMPOSITOR,Ernesto Halffter,,,
Ernesto Pérez Rosillo,COMPOSITOR,Ernesto Pérez Rosillo,,,
Errico Petrella,COMPOSITOR,Errico Petrella,,,
Esteve,COMPOSITOR,Esteve,,,
F. Elizalde,COMPOSITOR,F. Elizalde,,,Federico Elizalde
Federico Elizalde,COMPOSITOR,Federico Elizalde,,,
Federico García Lorca,COMPOSITOR,Federico García Lorca,,,
Federico Moreno Torroba,COMPOSITOR,Federico Moreno Torroba,,,
Felipe Briones,COMPOSITOR,Felipe Briones,,,
Felix Mendelssohn,COMPOSITOR,Felix Mendelssohn,,,
Fernando Remacha,COMPOSITOR,Fernando Remacha,,,
Ferrari,COMPOSITOR,Ferrari,,Extraído de combinación: Ermanno Wolf-Ferrari,
Foglietti,COMPOSITOR,Foglietti,,,
Francesco Paolo Tosti,COMPOSITOR,Francesco Paolo Tosti,,,
Francisco Alonso,COMPOSITOR,Francisco Alonso,,,
Francisco Asenjo Barbieri,COMPOSITOR,Francisco Asenjo Barbieri,,,
Francisco Guerrero,COMPOSITOR,Francisco Guerrero,,,
Franco Alfano,COMPOSITOR,Franco Alfano,director,,
Francoeur,COMPOSITOR,Francoeur,,,
Francoeur-Kreisler,COMPOSITOR,Francoeur-Kreisler,,Combinación de artistas,
Franz Lehár,COMPOSITOR,Franz Lehár,,,
Franz Liszt,COMPOSITOR,Franz Liszt,,,
Franz Schubert,COMPOSITOR,Franz Schubert,,,
Franz von Suppé,COMPOSITOR,Franz von Suppé,,,
François Couperin,COMPOSITOR,François Couperin,,,
François-Adrien Boieldieu,COMPOSITOR,François-Adrien Boieldieu,,,
Freitas Branco,COMPOSITOR,Freitas Branco,,,
Frescobaldi,COMPOSITOR,Frescobaldi,,Extraído de combinación: Frescobaldi-Cassadó,
Frescobaldi-Cassadó,COMPOSITOR,Frescobaldi-Cassadó,,Combinación de artistas,
Friedemann Bach,COMPOSITOR,Friedemann Bach,,,
Froberger,COMPOSITOR,Froberger,,,
Frédéric Chopin,COMPOSITOR,Frédéric Chopin,,,
Gabriel Fauré,COMPOSITOR,Gabriel Fauré,,,
Gaetano Donizetti,COMPOSITOR,Gaetano Donizetti,,,
Gaillard,COMPOSITOR,Gaillard,,,
Galeotti,COMPOSITOR,Galeotti,,,
Galuppi,COMPOSITOR,Galuppi,,,
Gaspar Cassadó,COMPOSITOR,Gaspar Cassadó,,,
Gaspar de Aquino,COMPOSITOR,Gaspar de Aquino,,,
Georg Friedrich Händel,COMPOSITOR,Georg Friedrich Händel,,,
George Rossa,COMPOSITOR,George Rossa,,,
Georges Bizet,COMPOSITOR,Georges Bizet,,,
Gerardo Gombau,COMPOSITOR,Gerardo Gombau,,,
Giacomo Meyerbeer,COMPOSITOR,Giacomo Meyerbeer,,,
Giacomo Puccini,COMPOSITOR,Giacomo Puccini,,,
Gioachino Rossini,COMPOSITOR,Gioachino Rossini,,,
Giovanni Battista Pergolesi,COMPOSITOR,Giovanni Battista Pergolesi,,,
Giovanni Pacini,COMPOSITOR,Giovanni Pacini,,,
Giovanni Paisiello,COMPOSITOR,Giovanni Paisiello,,,
Giuseppe Verdi,COMPOSITOR,Giuseppe Verdi,,,
Glinka,COMPOSITOR,Glinka,,,
Glinka-Sokoloff,COMPOSITOR,Glinka-Sokoloff,,Combinación de artistas,
Gluck,COMPOSITOR,Gluck,,Extraído de combinación: Gluck-Brahms,Christoph Willibald Gluck
Gluck-Brahms,COMPOSITOR,Gluck-Brahms,,Combinación de artistas,
Gluck-Ries,COMPOSITOR,Gluck-Ries,,Combinación de artistas,
Gondelfarht,COMPOSITOR,Gondelfarht,,,
Goossens,COMPOSITOR,Goossens,,,
Grave,COMPOSITOR,Grave,,,
Gretchaninoff,COMPOSITOR,Gretchaninoff,,,
Grieg,COMPOSITOR,Grieg,,Extraído de combinación: Grieg-Elman,Edvard Grieg
Grieg-Elman,COMPOSITOR,Grieg-Elman,,Combinación de artistas,
Grétry,COMPOSITOR,Grétry,,Extraído de combinación: Grétry-Franco,
Grétry-Franco,COMPOSITOR,Grétry-Franco,,Combinación de artistas,
Grünfeld,COMPOSITOR,Grünfeld,,Extraído de combinación: Strauss-Grünfeld,
Guerini,COMPOSITOR,Guerini,,,
Guiraud,COMPOSITOR,Guiraud,Director/Compositor,,
Gustavo Pittaluga,COMPOSITOR,Gustavo Pittaluga,,,
H. T. Burleigh,COMPOSITOR,H. T. Burleigh,,,
Hector Berlioz,COMPOSITOR,Hector Berlioz,,,
Henri Rabaud,COMPOSITOR,Henri Rabaud,,,
Henri Vieuxtemps,COMPOSITOR,Henri Vieuxtemps,,,
Henryk Wieniawski,COMPOSITOR,Henryk Wieniawski,,,
Hubay,COMPOSITOR,Hubay,,,
Hubert Cuypers,COMPOSITOR,Hubert Cuypers,,,
Hue,COMPOSITOR,Hue,,,
Hummel,COMPOSITOR,Hummel,,,
Ibert,COMPOSITOR,Ibert,,,
Igor Stravinsky,COMPOSITOR,Igor Stravinsky,,,
Infante,COMPOSITOR,Infante,,,
Isaac Albéniz,COMPOSITOR,Isaac Albéniz,,,
J. S. Bach,COMPOSITOR,J. S. Bach,,,
Jacinto Guerrero,COMPOSITOR,Jacinto Guerrero,,,
Jacques Offenbach,COMPOSITOR,Jacques Offenbach,,,
Jean Sibelius,COMPOSITOR,Jean Sibelius,,,
Jean-Philippe Rameau,COMPOSITOR,Jean-Philippe Rameau,,,
Jerónimo Giménez,COMPOSITOR,Jerónimo Giménez,,,
Jerónimo Velasco,COMPOSITOR,Jerónimo Velasco,,,
Jesús Guridi,COMPOSITOR,Jesús Guridi,,,
Joachim Raff,COMPOSITOR,Joachim Raff,,,
Joaquín Nin,COMPOSITOR,Joaquín Nin,,,
Joaquín Rodrigo,COMPOSITOR,Joaquín Rodrigo,,,
Joaquín Turina,COMPOSITOR,Joaquín Turina,,,
Johann Christian Bach,COMPOSITOR,Johann Christian Bach,,,
Johann Sebastian Bach,COMPOSITOR,Johann Sebastian Bach,,,
Johannes Brahms,COMPOSITOR,Johannes Brahms,,,
Jongen,COMPOSITOR,Jongen,,,Joseph Jongen
Jose María Rodrigo,COMPOSITOR,Jose María Rodrigo,,,
Joseph Haydn,COMPOSITOR,Joseph Haydn,,,
José Forns,COMPOSITOR,José Forns,,,
José María Usandizaga,COMPOSITOR,José María Usandizaga,,,
Juan de la Encina,COMPOSITOR,Juan de la Encina,,,
Juan González,COMPOSITOR,Juan González,,,
Juan Guerrero,COMPOSITOR,Juan Guerrero,,,
Juan José Mantecón,COMPOSITOR,Juan José Mantecón,,,
Juan Manén,COMPOSITOR,Juan Manén,,,
Juan Vert,COMPOSITOR,Juan Vert,,,
Jules Massenet,COMPOSITOR,Jules Massenet,,,
Julio Francés,COMPOSITOR,Julio Francés,,,
Julio Gómez,COMPOSITOR,Julio Gómez,,,
Julián Bautista,COMPOSITOR,Julián Bautista,,,
Kerll,COMPOSITOR,Kerll,,,
Klengel,COMPOSITOR,Klengel,,,
Kochangsky,COMPOSITOR,Kochangsky,,,
Kreisler,COMPOSITOR,Kreisler,,Extraído de combinación: Francoeur-Kreisler,
Laserna,COMPOSITOR,Laserna,,,
Lawrence Brown,COMPOSITOR,Lawrence Brown,,,
Leo Delibes,COMPOSITOR,Leo Delibes,,,
Leo Fall,COMPOSITOR,Leo Fall,,,
Leo Weiner,COMPOSITOR,Leo Weiner,,,
Lhotka,COMPOSITOR,Lhotka,,,
Liadow,COMPOSITOR,Liadow,,,
Liapunov,COMPOSITOR,Liapunov,,,
Lionel Monckton,COMPOSITOR,Lionel Monckton,,,
Liszt,COMPOSITOR,Liszt,,Extraído de combinación: Chopin-Liszt,Franz Liszt
Literes,COMPOSITOR,Literes,,,
Locatelli,COMPOSITOR,Locatelli,,,
Loeillet,COMPOSITOR,Loeillet,,,
Louis Aubert,COMPOSITOR,Louis Aubert,,,
Ludwig van Beethoven,COMPOSITOR,Ludwig van Beethoven,,,
Luis Milán,COMPOSITOR,Luis Milán,,,
Mahler,COMPOSITOR,Mahler,Director/Compositor,,
Mainardi,COMPOSITOR,Mainardi,,,
Malipiero,COMPOSITOR,Malipiero,,,
Mangiagalli,COMPOSITOR,Mangiagalli,,,
Manuel de Falla,COMPOSITOR,Manuel de Falla,,Extraído de combinación: Bartolomé Pérez Casas / Manuel de Falla,
Manuel Fernández Caballero,COMPOSITOR,Manuel Fernández Caballero,,,
Marc-Antoine Charpentier,COMPOSITOR,Marc-Antoine Charpentier,,,
Marsick,COMPOSITOR,Marsick,,,
Martínez Díaz,COMPOSITOR,Martínez Díaz,,,
María de Pablos,COMPOSITOR,María de Pablos,,,
María Gar,COMPOSITOR,María Gar,,,
María Rodrigo,COMPOSITOR,María Rodrigo,,,Jose María Rodrigo
Mateo Albéniz,COMPOSITOR,Mateo Albéniz,,,
Mateo H. Barroso,COMPOSITOR,Mateo H. Barroso,,,
Maurice Ravel,COMPOSITOR,Maurice Ravel,,,
Max Bruch,COMPOSITOR,Max Bruch,,,
Max Reger,COMPOSITOR,Max Reger,,,
Mendelssohn,COMPOSITOR,Mendelssohn,,Extraído de combinación: Mendelssohn-Liszt,Felix Mendelssohn
Mendelssohn-Liszt,COMPOSITOR,Mendelssohn-Liszt,,Combinación de artistas,
Millán,COMPOSITOR,Millán,,,
Modest Mussorgsky,COMPOSITOR,Modest Mussorgsky,,,
Monasterio,COMPOSITOR,Monasterio,,,
Mussorgsky,COMPOSITOR,Mussorgsky,,Extraído de combinación: Bartók / Mussorgsky,Modest Mussorgsky
Mª Luisa Chevalier,COMPOSITOR,Mª Luisa Chevalier,,,
Nadia Boulanger,COMPOSITOR,Nadia Boulanger,,,
Nardini,COMPOSITOR,Nardini,,,
Narváez,COMPOSITOR,Narváez,,,
Niccolò Paganini,COMPOSITOR,Niccolò Paganini,,,
Novak,COMPOSITOR,Novak,,,
Oscar Fetras,COMPOSITOR,Oscar Fetras,,,
Oscar Straus,COMPOSITOR,Oscar Straus,,,
Otto Nicolai,COMPOSITOR,Otto Nicolai,,,
Ottorino Respighi,COMPOSITOR,Ottorino Respighi,,,
P. San Sebastián,COMPOSITOR,P. San Sebastián,,,
Pablo Luna,COMPOSITOR,Pablo Luna,,,
Pablo Sorozábal,COMPOSITOR,Pablo Sorozábal,,,
Paco González del Toro,COMPOSITOR,Paco González del Toro,,,
Padre Otaño,COMPOSITOR,Padre Otaño,,,
Paul Dukas,COMPOSITOR,Paul Dukas,,,
Pedro San Juan,COMPOSITOR,Pedro San Juan,,,
Philippe Rameau,COMPOSITOR,Philippe Rameau,,Extraído de combinación: Jean-Philippe Rameau,
Pierné,COMPOSITOR,Pierné,,,
Pietro Mascagni,COMPOSITOR,Pietro Mascagni,,,
Ponce,COMPOSITOR,Ponce,,,
Prokofiev,COMPOSITOR,Prokofiev,,,
Pugnani,COMPOSITOR,Pugnani,,Extraído de combinación: Pugnani-Kreisler,
Pugnani-Kreisler,COMPOSITOR,Pugnani-Kreisler,,Combinación de artistas,
Purcell,COMPOSITOR,Purcell,,,
Pyotr Ilyich Tchaikovsky,COMPOSITOR,Pyotr Ilyich Tchaikovsky,,,
Rebollo,COMPOSITOR,Rebollo,,,
Reveriano Soutullo,COMPOSITOR,Reveriano Soutullo,,,
Ricardo de la Villa,COMPOSITOR,Ricardo de la Villa,,,
Richard Strauss,COMPOSITOR,Richard Strauss,,,
Richard Wagner,COMPOSITOR,Richard Wagner,,,
Rimsky-Korsakov,COMPOSITOR,Rimsky-Korsakov,,,
Robert Schumann,COMPOSITOR,Robert Schumann,,,
Rodolfo Halffter,COMPOSITOR,Rodolfo Halffter,,,
Rosa García Ascot,COMPOSITOR,Rosa García Ascot,,,
Ruggero Leoncavallo,COMPOSITOR,Ruggero Leoncavallo,,,
Ruperto Chapí,COMPOSITOR,Ruperto Chapí,,,
Salvador Bacarisse,COMPOSITOR,Salvador Bacarisse,,,
Sarasate,COMPOSITOR,Sarasate,,,
Saverio Mercadante,COMPOSITOR,Saverio Mercadante,,,
Schmitt,COMPOSITOR,Schmitt,,,
Schubert,COMPOSITOR,Schubert,,,Franz Schubert
Schubert y Richard Strauss,COMPOSITOR,Schubert y Richard Strauss,,,
Schubert-Liszt,COMPOSITOR,Schubert-Liszt,,Combinación de artistas,
Scriabin,COMPOSITOR,Scriabin,,,
Sergei Bortkiewicz,COMPOSITOR,Sergei Bortkiewicz,,,
Sergei Rachmaninov,COMPOSITOR,Sergei Rachmaninov,,,
Smetana,COMPOSITOR,Smetana,,,
Sokoloff,COMPOSITOR,Sokoloff,,Extraído de combinación: Glinka-Sokoloff,
Sor,COMPOSITOR,Sor,,,
Strauss,COMPOSITOR,Strauss,,Extraído de combinación: Strauss-Grünfeld,
Strauss-Grünfeld,COMPOSITOR,Strauss-Grünfeld,,Combinación de artistas,
Stumpf,COMPOSITOR,Stumpf,,,
Svendsen,COMPOSITOR,Svendsen,,,
Szymanowski,COMPOSITOR,Szymanowski,,,
Szymanowsky,COMPOSITOR,Szymanowsky,,,Szymanowski
Sáez Ferrer,COMPOSITOR,Sáez Ferrer,,,
Tartini,COMPOSITOR,Tartini,,,
Tartini-Kreisler,COMPOSITOR,Tartini-Kreisler,,Combinación de artistas,
Tausig,COMPOSITOR,Tausig,piano,,
Tomás Bretón,COMPOSITOR,Tomás Bretón,,,
Torelli,COMPOSITOR,Torelli,,,
Turina,COMPOSITOR,Turina,,,Joaquín Turina
Tárrega,COMPOSITOR,Tárrega,,,
Umberto Giordano,COMPOSITOR,Umberto Giordano,,,
Valdés,COMPOSITOR,Valdés,,,
Valentín,COMPOSITOR,Valentín,,,Valentín Martín
Veracini,COMPOSITOR,Veracini,,,
Victor Jacobi,COMPOSITOR,Victor Jacobi,,,
Vincent D'Indy,COMPOSITOR,Vincent D'Indy,,,
Vincenzo Bellini,COMPOSITOR,Vincenzo Bellini,,,
Viotti,COMPOSITOR,Viotti,,,
Wagner,COMPOSITOR,Wagner,,Extraído de combinación: Wagner-Wilhelmj,Richard Wagner
Wagner-Wilhelmj,COMPOSITOR,Wagner-Wilhelmj,,Combinación de artistas,
Waldo-Wagner,COMPOSITOR,Waldo-Wagner,,Combinación de artistas,
Widor,COMPOSITOR,Widor,,,
Wilhelmj,COMPOSITOR,Wilhelmj,,Extraído de combinación: Wagner-Wilhelmj,
Wilhelmy,COMPOSITOR,Wilhelmy,,Extraído de combinación: Chopin-Wilhelmy,
Wolf,COMPOSITOR,Wolf,,,Erick Wolf Strauss
Wolff,COMPOSITOR,Wolff,,,
Wolfgang Amadeus Mozart,COMPOSITOR,Wolfgang Amadeus Mozart,,,
Ysaÿe,COMPOSITOR,Ysaÿe,,,
Zandonai,COMPOSITOR,Zandonai,Director/Compositor,,
Álvarez Cantos,COMPOSITOR,Álvarez Cantos,,,
Óscar Esplá,COMPOSITOR,Óscar Esplá,,,
Acevedo,INTERPRETE,Acevedo,director,,
Adolf Sax,INTERPRETE,Adolf Sax,Inventor,,
Adolphe Hallis,INTERPRETE,Adolphe Hallis,Piano,,
Albina Madinaveitia,INTERPRETE,Albina Madinaveitia,Piano,,
Alejandro Alexandrowich,INTERPRETE,Alejandro Alexandrowich,,,
Alejandro Brailowsky,INTERPRETE,Alejandro Brailowsky,piano,,
Alejandro Uninsky,INTERPRETE,Alejandro Uninsky,Piano,,
Alma Moodie,INTERPRETE,Alma Moodie,Violín,,
Amparo Fuster,INTERPRETE,Amparo Fuster,Piano,,
Amparo Ripollés,INTERPRETE,Amparo Ripollés,Piano,,
Ana García Canden,INTERPRETE,Ana García Canden,Piano,,
Ana Mesvitz,INTERPRETE,Ana Mesvitz,Violín,,
Andrés Segovia,INTERPRETE,Andrés Segovia,guitarra,,
Antonia Beltrán Collado,INTERPRETE,Antonia Beltrán Collado,Piano,,
"Antonia Mercé ""La Argentina""",INTERPRETE,Antonia Mercé,Bailarina,Apodo: La Argentina,
Antonio Alvira,INTERPRETE,Antonio Alvira,Violín,,
Antonio Cuadra Román,INTERPRETE,Antonio Cuadra Román,Violín,,
Antonio Lucas Moreno,INTERPRETE,Antonio Lucas Moreno,,,
Antonio Piedra,INTERPRETE,Antonio Piedra,Violín,,
Antonio Sala,INTERPRETE,Antonio Sala,,,
Aquilino,INTERPRETE,Aquilino,Saxofón,,
Argentina Pizarro,INTERPRETE,Argentina Pizarro,Orquesta,,
Arnold Foldessy,INTERPRETE,Arnold Foldessy,Violonchelo,,
Arturo Saco del Valle,INTERPRETE,Arturo Saco del Valle,Director,,
Arturo Schnabel,INTERPRETE,Arturo Schnabel,Piano,,
Artys,INTERPRETE,Artys,Orquesta,,
Ataulfo Argenta,INTERPRETE,Ataulfo Argenta,Piano,,
Aureliano Izquiano,INTERPRETE,Aureliano Izquiano,Piano,,
Aurora Imperio,INTERPRETE,Aurora Imperio,Bailarina,,
Barend Bos,INTERPRETE,Barend Bos,Violonchelo,,
Bartolomé Pérez Casas,INTERPRETE,Bartolomé Pérez Casas,Director,,
Benno Moiseiwitsch,INTERPRETE,Benno Moiseiwitsch,Piano,,
Berki,INTERPRETE,Berki,Orquesta,,
Blanca Negri,INTERPRETE,Blanca Negri,Artista,,
Blanca Selva,INTERPRETE,Blanca Selva,Piano,,
Blecher,INTERPRETE,Blecher,Violín,Extraído de combinación: Trude Armbruster-Blecher,
Borowsky,INTERPRETE,Borowsky,Piano,,
Bronislaw Huberman,INTERPRETE,Bronislaw Huberman,Violín,,
Bruno Walter,INTERPRETE,Bruno Walter,Director,,
Cab,INTERPRETE,Cab,Orquesta,Extraído de combinación: Cab-Callo,
Cab-Callo,INTERPRETE,Cab-Callo,Orquesta,Combinación de artistas,
Callo,INTERPRETE,Callo,Orquesta,Extraído de combinación: Cab-Callo,
Cano,INTERPRETE,Cano,Director,,Teresa Pérez Cano
Capilla Real de Viena,INTERPRETE,Capilla Real de Viena,,,
Carlos Alwin,INTERPRETE,Carlos Alwin,Piano,,
Carlos Verdeal,INTERPRETE,Carlos Verdeal,Guitarra,,
Carlos y Giocasta K. Corma,INTERPRETE,Carlos y Giocasta K. Corma,,,
Carlota Dahmen,INTERPRETE,Carlota Dahmen,,Extraído de combinación: Carlota Dahmen-Chao,
Carlota Dahmen-Chao,INTERPRETE,Carlota Dahmen-Chao,,,
Carmen Flores,INTERPRETE,Carmen Flores,Piano,,
Carmen Mingacho,INTERPRETE,Carmen Mingacho,Piano,,
Carmen Vargas,INTERPRETE,Carmen Vargas,Bailarina,,
Carolina Duplán,INTERPRETE,Carolina Duplán,Piano,,
Castillian,INTERPRETE,Castillian,Orquesta,,
Catalina Peczenik,INTERPRETE,Catalina Peczenik,Piano,,
Celia Gámez,INTERPRETE,Celia Gámez,Actriz/cantante,,
Chavarri,INTERPRETE,Chavarri,director,,
Christiansen,INTERPRETE,Christiansen,,,
Cipriano Rivas Cheriff,INTERPRETE,Cipriano Rivas Cheriff,Escritor,,
Claudio Arrau,INTERPRETE,Claudio Arrau,Piano,,
Conchita Leonardo,INTERPRETE,Conchita Leonardo,Vedette,,
Concierto Sacro,INTERPRETE,Concierto Sacro,Coro,,
Crabbé,INTERPRETE,Crabbé,Barítono,,
Cumellas,INTERPRETE,Cumellas,Piano,,
Dajos Vela,INTERPRETE,Dajos Vela,Director,,
Daniel Arnau,INTERPRETE,Daniel Arnau,Guitarra,,
Daniel Fortea,INTERPRETE,Daniel Fortea,Guitarra,,
Defauw,INTERPRETE,Defauw,Director,,
Dette Schuman,INTERPRETE,Dette Schuman,Director,,
Eduardo Erdmann,INTERPRETE,Eduardo Erdmann,Piano,,
Eduardo Hernández,INTERPRETE,Eduardo Hernández,Violín,,
Eduardo Martínez Torner,INTERPRETE,Eduardo Martínez Torner,Folklorista,,
Eduardo Zamacois,INTERPRETE,Eduardo Zamacois,Piano,,
Elena Gerhardt,INTERPRETE,Elena Gerhardt,Mezzosoprano,,
Elena Romero,INTERPRETE,Elena Romero,Piano,,
Elisabeth Schumann,INTERPRETE,Elisabeth Schumann,Soprano,,
Eliseo Grenet,INTERPRETE,Eliseo Grenet,Piano,,
Emisora de Lausanne,INTERPRETE,Emisora de Lausanne,Orquesta,,
Emmy Kruger,INTERPRETE,Emmy Kruger,,,
Encarnita Segura,INTERPRETE,Encarnita Segura,Piano,,
Enrique Aroca,INTERPRETE,Enrique Aroca,Piano,,
Enrique Blancard,INTERPRETE,Enrique Blancard,,,
Enrique Iniesta,INTERPRETE,Enrique Iniesta,Violín,,
Enrique Luzuriaga,INTERPRETE,Enrique Luzuriaga,Piano,,
Enriqueta Laborde,INTERPRETE,Enriqueta Laborde,Piano,,
Erich Kleiber,INTERPRETE,Erich Kleiber,Director,,
Erika Morini,INTERPRETE,Erika Morini,,,
Erna Rubinstein,INTERPRETE,Erna Rubinstein,,,
Ernesto Halffter,INTERPRETE,Ernesto Halffter,Director,,
Esteban Martínez,INTERPRETE,Esteban Martínez,Guitarra,,
Estela,INTERPRETE,Estela,director,,
Estrella Sacristán,INTERPRETE,Estrella Sacristán,Piano,,
Ethel Hobday,INTERPRETE,Ethel Hobday,,,
Eugenio Casals,INTERPRETE,Eugenio Casals,Director,,
Fagoaga,INTERPRETE,Fagoaga,director,,
Federico Contreras,INTERPRETE,Federico Contreras,Piano,,
Felix Hupka,INTERPRETE,Felix Hupka,Piano,,
Ferenc de Vecsey,INTERPRETE,Ferenc de Vecsey,Violín,,
Fermín Fernández Ortíz,INTERPRETE,Fermín Fernández Ortíz,Violín,,
Fernando Collado,INTERPRETE,Fernando Collado,Piano,,
Fernando Ember,INTERPRETE,Fernando Ember,Piano,,
Fernando Vilches,INTERPRETE,Fernando Vilches,Saxofón,,
Fernández Arbós,INTERPRETE,Fernández Arbós,"Director, Violín",,
Fernández Bordas,INTERPRETE,Fernández Bordas,Violín,,
Franco Allano,INTERPRETE,Franco Allano,Director,,
Frank Marshall,INTERPRETE,Frank Marshall,piano,,
Franz Osborn,INTERPRETE,Franz Osborn,Piano,,
Gabiola,INTERPRETE,Gabiola,órgano,,
García Marco,INTERPRETE,García Marco,Violín,,
Gaspar Cassadó,INTERPRETE,Gaspar Cassadó,Violonchelo,,
Gaston Parkington,INTERPRETE,Gaston Parkington,Quinteto,,
Gerhard Maass,INTERPRETE,Gerhard Maass,Piano,,
Geyer Stefi,INTERPRETE,Geyer Stefi,Violín,,
Gloria de Loizaga,INTERPRETE,Gloria de Loizaga,Piano,,
Gregor Piatigorsky,INTERPRETE,Gregor Piatigorsky,Violonchelo,,
Gregorio Cruz,INTERPRETE,Gregorio Cruz,Violín,,
Gregorio Martínez Sierra,INTERPRETE,Gregorio Martínez Sierra,Escritor,,
"Grock ""El payaso""",INTERPRETE,Grock,Acordeón,Apodo: El payaso,
Guardia Real,INTERPRETE,Guardia Real,Banda,,
Guillermina Suggia,INTERPRETE,Guillermina Suggia,Violonchelo,,
Gustavo Duran,INTERPRETE,Gustavo Duran,barítono,,
Gálvez Bellido,INTERPRETE,Gálvez Bellido,Violonchelo,,
Hans Erich Riebensahm,INTERPRETE,Hans Erich Riebensahm,,,
Harry Elbert,INTERPRETE,Harry Elbert,,,
Harry Lander,INTERPRETE,Harry Lander,Gaita,,
Helge Lindberg,INTERPRETE,Helge Lindberg,,,
Henry Wood,INTERPRETE,Henry Wood,Director,,
Hermanas Lydia y Raya Garlousova,INTERPRETE,Hermanas Lydia y Raya Garlousova,,,
Hispalense,INTERPRETE,Hispalense,Trío,,
Hubermann,INTERPRETE,Hubermann,Violín,,Bronislaw Huberman
Humorist-Jazz,INTERPRETE,Humorist-Jazz,Orquesta,Combinación de artistas,
Ibarra,INTERPRETE,Ibarra,Orquesta,,
Ignaz Friedman,INTERPRETE,Ignaz Friedman,Piano,,
Inocencio Verdeal,INTERPRETE,Inocencio Verdeal,Gaita,,
Ipana Troubadours,INTERPRETE,Ipana Troubadours,Orquesta,,
Iturbi,INTERPRETE,Iturbi,Piano,,José Iturbi
Ives Nat,INTERPRETE,Ives Nat,Piano,,
Ivonne Canale,INTERPRETE,Ivonne Canale,Violín,,
Jack Payne,INTERPRETE,Jack Payne,Director,,
Jacques Thibaud,INTERPRETE,Jacques Thibaud,Violín,,
Jaime Figueroa,INTERPRETE,Jaime Figueroa,,,
Jascha Heifetz,INTERPRETE,Jascha Heifetz,violín,,
Jascha Spiwakowsky,INTERPRETE,Jascha Spiwakowsky,Violín,,
Jelly d'Aranyi,INTERPRETE,Jelly d'Aranyi,Violín,,
Jesús Fernández Lorenzo,INTERPRETE,Jesús Fernández Lorenzo,Violín,,
Joaquín Fuster,INTERPRETE,Joaquín Fuster,Piano,,
Joaquín Nin,INTERPRETE,Joaquín Nin,Piano,,
Jorge del Moral,INTERPRETE,Jorge del Moral,Piano,,
"Jorge López ""Petaca""",INTERPRETE,Jorge López,Guitarra flamenca,Apodo: Petaca,
Jose Mari,INTERPRETE,Jose Mari,Orquesta,,
Jose María Franco,INTERPRETE,Jose María Franco,"Director, Piano",,Jose Mª Franco
Jose Mª Franco,INTERPRETE,Jose Mª Franco,"Director, Piano",,
Josefina Ribera,INTERPRETE,Josefina Ribera,Violín,,
Josefina Toharia,INTERPRETE,Josefina Toharia,Piano,,
Joseph Jongen,INTERPRETE,Joseph Jongen,Director,,
Joseph Szigeti,INTERPRETE,Joseph Szigeti,Violín,,
Josephine Baker,INTERPRETE,Josephine Baker,Artista,,
José Cubiles,INTERPRETE,José Cubiles,Piano,,
José Fernández Lorenzo,INTERPRETE,José Fernández Lorenzo,Violín,,
José Franco,INTERPRETE,José Franco,Piano,,
José Iturbi,INTERPRETE,José Iturbi,Piano,,
José Lasalle,INTERPRETE,José Lasalle,Director,,
José Lhevinne,INTERPRETE,José Lhevinne,Piano,,
José Marcellán,INTERPRETE,José Marcellán,Archivero,,
José María Casanova,INTERPRETE,José María Casanova,Violín,,
José Subirá,INTERPRETE,José Subirá,Crítico musical,,
Juan Darre,INTERPRETE,Juan Darre,,,
Juan Gorostidi,INTERPRETE,Juan Gorostidi,Director,,
Juan Masia,INTERPRETE,Juan Masia,,,
Juan Quintero,INTERPRETE,Juan Quintero,,,
Juan Ruiz Casaux,INTERPRETE,Juan Ruiz Casaux,Violonchelo,,
Juana Gantrei,INTERPRETE,Juana Gantrei,Violín,,
Juana María Paullau,INTERPRETE,Juana María Paullau,Piano,,
Judit Bokkor,INTERPRETE,Judit Bokkor,,,
Julia del Castillo,INTERPRETE,Julia del Castillo,Piano,,
Julio Francés,INTERPRETE,Julio Francés,Violín,,
Julio Godard,INTERPRETE,Julio Godard,,,
June Rollar,INTERPRETE,June Rollar,Piano,,
Karl Kist,INTERPRETE,Karl Kist,Director,,
Karl Muck,INTERPRETE,Karl Muck,Director,,
Karol Szreter,INTERPRETE,Karol Szreter,,,
Karona,INTERPRETE,Karona,Bailarina,,
Kochansky,INTERPRETE,Kochansky,Violín,,
Kunsti,INTERPRETE,Kunsti,Director,,
Landowska,INTERPRETE,Landowska,Clave,,Wanda Landowska
Lanes,INTERPRETE,Lanes,Violonchelo,,Rafael Lanes
Lasso,INTERPRETE,Lasso,,,
Leopoldo Godowsky,INTERPRETE,Leopoldo Godowsky,piano,,
Leopoldo Querol,INTERPRETE,Leopoldo Querol,Piano,,
Lidia Garbousova,INTERPRETE,Lidia Garbousova,Violonchelo,,
Los Rubians,INTERPRETE,Los Rubians,Guitarra,,
Los Siboneyes,INTERPRETE,Los Siboneyes,Orquesta,,
Louise Alexander,INTERPRETE,Louise Alexander,,,
Louise Mascart,INTERPRETE,Louise Mascart,,,
Lubka Kolessa,INTERPRETE,Lubka Kolessa,Piano,,
Lucas Moreno,INTERPRETE,Lucas Moreno,,,Antonio Lucas Moreno
Lucienne Radisse,INTERPRETE,Lucienne Radisse,Violonchelo,,
Lucio González,INTERPRETE,Lucio González,Contrabajo,,
Ludwig Funk,INTERPRETE,Ludwig Funk,Piano,,
Luis Antón,INTERPRETE,Luis Antón,Violín,,
Luis Bonaterra,INTERPRETE,Luis Bonaterra,piano,,
Luis de Rosia,INTERPRETE,Luis de Rosia,Guitarra,,
Luis Pitchot,INTERPRETE,Luis Pitchot,piano,,
Luis Villa,INTERPRETE,Luis Villa,Violonchelo,,
Luisa Menarguez,INTERPRETE,Luisa Menarguez,Arpa,,
Luisa Pequeño,INTERPRETE,Luisa Pequeño,Arpa,,
Lysbeth Hughes,INTERPRETE,Lysbeth Hughes,Arpa,,
Léon Woizikowski,INTERPRETE,Léon Woizikowski,Bailarín,,
Majerit,INTERPRETE,Majerit,Orquesta,,
Manolo Velasco,INTERPRETE,Manolo Velasco,Director,,
Manuel Fuster,INTERPRETE,Manuel Fuster,Piano,,
Manuel Garijo,INTERPRETE,Manuel Garijo,Flauta,,
Manuel Pitto Santaolalla,INTERPRETE,Manuel Pitto Santaolalla,Piano,,
Manuel Pérez,INTERPRETE,Manuel Pérez,Violín,,
Manuel Quiroga,INTERPRETE,Manuel Quiroga,Violín,,
Manuela Ballesteros,INTERPRETE,Manuela Ballesteros,Piano,,
Marcelina Blanco,INTERPRETE,Marcelina Blanco,Piano,,
Marcelo Granjany,INTERPRETE,Marcelo Granjany,Arpa,,
Margarita Albert,INTERPRETE,Margarita Albert,Piano,,
Marta Linz,INTERPRETE,Marta Linz,,,
Martínez Serrano,INTERPRETE,Martínez Serrano,Guitarra,,
Maruja Meroño,INTERPRETE,Maruja Meroño,Piano,,
Maruja Sánchez,INTERPRETE,Maruja Sánchez,Guitarra,,
María Juana Darre,INTERPRETE,María Juana Darre,Piano,,
María Lejárraga,INTERPRETE,María Lejárraga,Escritor,,
María Pachler,INTERPRETE,María Pachler,piano,,
María Rosado,INTERPRETE,María Rosado,Piano,,
María Victoria Iniesta,INTERPRETE,María Victoria Iniesta,Piano,,
Matilde Muñoz,INTERPRETE,Matilde Muñoz,Crítico musical,,
Mercedes L. Arizaga,INTERPRETE,Mercedes L. Arizaga,Piano,,
Micky McKee,INTERPRETE,Micky McKee,Artista,,
Mischa Elman,INTERPRETE,Mischa Elman,Violín,,
Moisés Simons,INTERPRETE,Moisés Simons,Director,,
Monnier,INTERPRETE,Monnier,,,
Moyel Coleman,INTERPRETE,Moyel Coleman,Artista,,
Mª Luisa Chevalier,INTERPRETE,Mª Luisa Chevalier,Órgano,,
N. Schualb,INTERPRETE,N. Schualb,,,Nikolau Schvalb
Narciso Figueroa,INTERPRETE,Narciso Figueroa,,,
Nathan Milstein,INTERPRETE,Nathan Milstein,Violín,,
Nell Cook,INTERPRETE,Nell Cook,Artista,,
Nicanor Zabaleta,INTERPRETE,Nicanor Zabaleta,Arpa,,
Nikolau Schvalb,INTERPRETE,Nikolau Schvalb,,,
Nina Kochitz,INTERPRETE,Nina Kochitz,,,
Nita Guerri,INTERPRETE,Nita Guerri,Cantante,,
Niño Sablea,INTERPRETE,Niño Sablea,Guitarra,,
O.K,INTERPRETE,O.K,Orquesta,,
Ofelia de Aragón,INTERPRETE,Ofelia de Aragón,Guitarra,,
Osvaldo Fresedo,INTERPRETE,Osvaldo Fresedo,Bandoneón,,
Pablo Casals,INTERPRETE,Pablo Casals,Violonchelo,,
Pagoaga,INTERPRETE,Pagoaga,director,,
Pantaleón Minguella,INTERPRETE,Pantaleón Minguella,Guitarra,,
Paquita Morán,INTERPRETE,Paquita Morán,Guitarra,,
Pascual Camps,INTERPRETE,Pascual Camps,Violín,,
Patull,INTERPRETE,Patull,director,,
Paul Grummer,INTERPRETE,Paul Grummer,Violonchelo,,
Paul Whiteman,INTERPRETE,Paul Whiteman,Director,,
Pedro de Lerma,INTERPRETE,Pedro de Lerma,Piano,,
Pedro Valterra,INTERPRETE,Pedro Valterra,,,
Pierre Lubochitz,INTERPRETE,Pierre Lubochitz,Violín,,
Pilar Cavero,INTERPRETE,Pilar Cavero,,,
Pilar López,INTERPRETE,Pilar López,Piano,,
Radio Barcelona,INTERPRETE,Radio Barcelona,Orquesta,requiere contexto Orquesta,
Radio Bilbao,INTERPRETE,Radio Bilbao,Orquesta,requiere contexto Orquesta,
Radio Girls,INTERPRETE,Radio Girls,(sin especificar),requiere contexto Orquesta,
Radio-París,INTERPRETE,Radio-París,Orquesta,Combinación de artistas,
Rafael Benedito,INTERPRETE,Rafael Benedito,Director,,
Raya Garbousova,INTERPRETE,Raya Garbousova,Violonchelo,,
Raúl R. Rosales,INTERPRETE,Raúl R. Rosales,Piano,,
Renato Benedetti,INTERPRETE,Renato Benedetti,,,
Renato Le Roy,INTERPRETE,Renato Le Roy,Flauta,,
Ricardo García Carrese,INTERPRETE,Ricardo García Carrese,Violín,,
Ricardo Hernández,INTERPRETE,Ricardo Hernández,Violín,,
Ricardo Villa,INTERPRETE,Ricardo Villa,Director,,
Robert Gomberg,INTERPRETE,Robert Gomberg,Violín,,
Roberto Casademus,INTERPRETE,Roberto Casademus,Piano,,
Rosario Barrenechea,INTERPRETE,Rosario Barrenechea,Violín,,
Rosario Huidobro,INTERPRETE,Rosario Huidobro,Guitarra,,
Rosaura Coma,INTERPRETE,Rosaura Coma,Piano,,
Rosthental,INTERPRETE,Rosthental,,,
Rubinstein,INTERPRETE,Rubinstein,,,Erna Rubinstein
Rudolf Serkin,INTERPRETE,Rudolf Serkin,Piano,,
Sainz de la Maza,INTERPRETE,Sainz de la Maza,Guitarra,,
Salvador Bartolozzi,INTERPRETE,Salvador Bartolozzi,Escenógrafo,,
Salvador Seguí,INTERPRETE,Salvador Seguí,Director,,
Salvatore,INTERPRETE,Salvatore,Crítico musical,,
Santos Gandía,INTERPRETE,Santos Gandía,Violonchelo,,
Schulz,INTERPRETE,Schulz,,,
Sedaño,INTERPRETE,Sedaño,violín,,
Sergio Bortkiewicz,INTERPRETE,Sergio Bortkiewicz,Piano,,
Stokowski,INTERPRETE,Stokowski,Director,,
Sulima Stravinsky,INTERPRETE,Sulima Stravinsky,Piano,,
Teatro de la Comedia,INTERPRETE,Teatro de la Comedia,,,
Teatro de la Zarzuela,INTERPRETE,Teatro de la Zarzuela,,,
Tellier,INTERPRETE,Tellier,Director,,
Telmanyu,INTERPRETE,Telmanyu,,,
Telmo Vela,INTERPRETE,Telmo Vela,Violín,,
Telémaco Lambrino,INTERPRETE,Telémaco Lambrino,,,
Teodoro de Gracia,INTERPRETE,Teodoro de Gracia,Violín,,
Teresa Alonso,INTERPRETE,Teresa Alonso,Piano,,Teresa Alonso Posada
Teresa Alonso Posada,INTERPRETE,Teresa Alonso Posada,Piano,,
Teresa González,INTERPRETE,Teresa González,Piano,,
Terán,INTERPRETE,Terán,,,Tomás Terán
The Blues Ladies,INTERPRETE,The Blues Ladies,Orquesta,,
The Saccavel,INTERPRETE,The Saccavel,Orquesta,Extraído de combinación: The Saccavel-Jazz,
The Saccavel-Jazz,INTERPRETE,The Saccavel-Jazz,Orquesta,Combinación de artistas,
Thibaud,INTERPRETE,Thibaud,,,Jacques Thibaud
Thomas Lipton,INTERPRETE,Thomas Lipton,Artista,,
Tomás Terán,INTERPRETE,Tomás Terán,Piano,,
Tonie Noder,INTERPRETE,Tonie Noder,Violín,,
Toscanini,INTERPRETE,Toscanini,Director,,
Trinidad García,INTERPRETE,Trinidad García,Guitarra,,
Trude Armbruster,INTERPRETE,Trude Armbruster,Violín,Extraído de combinación: Trude Armbruster-Blecher,
Trude Armbruster-Blecher,INTERPRETE,Trude Armbruster-Blecher,Violín,Combinación de artistas,
Valentín Martín,INTERPRETE,Valentín Martín,Saxofón,,
Venios Kousnezoff,INTERPRETE,Venios Kousnezoff,,,
Várela Silvari,INTERPRETE,Várela Silvari,director,,
W. J. Clemens,INTERPRETE,W. J. Clemens,Violín,,
W. Kempff,INTERPRETE,W. Kempff,Piano,,
Walter Damrosch,INTERPRETE,Walter Damrosch,Director,,
Walter Gieseking,INTERPRETE,Walter Gieseking,Piano,,
Walter Rummel,INTERPRETE,Walter Rummel,Piano,,
Wanda Landowska,INTERPRETE,Wanda Landowska,Clave,,
Wilheim Bachhaus,INTERPRETE,Wilheim Bachhaus,Piano,,
Wladimiro Horowitz,INTERPRETE,Wladimiro Horowitz,Piano,,
Wolf,INTERPRETE,Wolf,,,Erick Wolf Strauss
Wolsthal,INTERPRETE,Wolsthal,Violín,,
Yvanne Canale,INTERPRETE,Yvanne Canale,Violín,,Ivonne Canale
Zino Francescatti,INTERPRETE,Zino Francescatti,Violín,,
Álvarez Cantos,INTERPRETE,Álvarez Cantos,"Compositor/pianista, Director",,
Ángel Barrios,INTERPRETE,Ángel Barrios,Guitarra,,
Ángel Currás,INTERPRETE,Ángel Currás,Piano,,
